codes,status
7J4477WH9RR475,already_redeemed
96FHJ05MBKR9J9,already_redeemed
codes,status
VP5N6VVBLFRM9R,already_redeemed
4WVXKN4W6VF7VR,already_redeemed
9VBP99JW77K7XR,already_redeemed
codes,status
T740V5PL75H4HW,success
VJ5KBPPJM5LJ6B,success
764MKPXHW4TFTJ,success
codes,status
T740V5PL75H4HW,success
VJ5KBPPJM5LJ6B,success
codes,status
codes,status
T740V5PL75H4HW,Sorry this code is invalid. Please try another Coca-Cola product code.
VJ5KBPPJM5LJ6B,Sorry this code is invalid. Please try another Coca-Cola product code.
764MKPXHW4TFTJ,Sorry this code is invalid. Please try another Coca-Cola product code.
KK57N5JMV576PR,Sorry this code is invalid. Please try another Coca-Cola product code.
K55V5T0TLB4VXF,Sorry this code is invalid. Please try another Coca-Cola product code.
7L4V6W690RXMLV,Sorry this code is invalid. Please try another Coca-Cola product code.
BNM49LHKV7JHKX,Sorry this code is invalid. Please try another Coca-Cola product code.
F4JPX94KWXK5X0,Sorry this code is invalid. Please try another Coca-Cola product code.
0660T7R5PM9LHN,Sorry this code is invalid. Please try another Coca-Cola product code.
HKXKFMMX6JRW6L,Sorry this code is invalid. Please try another Coca-Cola product code.
BP0NJMWK0V9P09,Sorry this code is invalid. Please try another Coca-Cola product code.
FWT6P7KKK9RP94,Sorry this code is invalid. Please try another Coca-Cola product code.
WKHXT5FVBM9L9K,Sorry this code is invalid. Please try another Coca-Cola product code.
R7NTFP49KJRWBP,Sorry this code is invalid. Please try another Coca-Cola product code.
0V9K4XK4J5X6XN,Sorry this code is invalid. Please try another Coca-Cola product code.
HRV97TV5B44FLL,Due to too many invalid attempts & for your account safety we locked your account. Please try your code again later.
6V9PP4F5KT5FHW,Due to too many invalid attempts & for your account safety we locked your account. Please try your code again later.
LRV5JR4X00W66B,Due to too many invalid attempts & for your account safety we locked your account. Please try your code again later.
400M0VXVL0VTRJ,Due to too many invalid attempts & for your account safety we locked your account. Please try your code again later.
NFT6WWH79T6NRR,Due to too many invalid attempts & for your account safety we locked your account. Please try your code again later.
K9KVKT9LBFX6B5,Due to too many invalid attempts & for your account safety we locked your account. Please try your code again later.
7JLWNW9KKP4F77,Due to too many invalid attempts & for your account safety we locked your account. Please try your code again later.
0V60HNKL6RBT9M,Due to too many invalid attempts & for your account safety we locked your account. Please try your code again later.
HRXKR6WJPFNNBM,Due to too many invalid attempts & for your account safety we locked your account. Please try your code again later.
6MV9J5X74FJ7TX,Due to too many invalid attempts & for your account safety we locked your account. Please try your code again later.
L49LPPHVTRKBN0,Due to too many invalid attempts & for your account safety we locked your account. Please try your code again later.
5VL09X9T6NRXJ4,Due to too many invalid attempts & for your account safety we locked your account. Please try your code again later.
MTKJXR79PH9K49,Due to too many invalid attempts & for your account safety we locked your account. Please try your code again later.
R9JRHF47JB5B76,Due to too many invalid attempts & for your account safety we locked your account. Please try your code again later.
WJM4THFWFRW7B6,Due to too many invalid attempts & for your account safety we locked your account. Please try your code again later.
4V00HF7NWRWRW7,Due to too many invalid attempts & for your account safety we locked your account. Please try your code again later.
NRTKTF0FWB5PL5,Due to too many invalid attempts & for your account safety we locked your account. Please try your code again later.
0T9HH9FL0J66R5,Due to too many invalid attempts & for your account safety we locked your account. Please try your code again later.
HTWFRL5JLMVFP7,Due to too many invalid attempts & for your account safety we locked your account. Please try your code again later.
7994BM76JXWMV4,Due to too many invalid attempts & for your account safety we locked your account. Please try your code again later.
KHVRV69XB65VM9,Due to too many invalid attempts & for your account safety we locked your account. Please try your code again later.
4R4BPMK4WFPBFB,Due to too many invalid attempts & for your account safety we locked your account. Please try your code again later.
NV6JJ7V4WP077W,Due to too many invalid attempts & for your account safety we locked your account. Please try your code again later.
XWNT6JWHWN95PH,Due to too many invalid attempts & for your account safety we locked your account. Please try your code again later.
PRHW6BKMWHRHTT,Due to too many invalid attempts & for your account safety we locked your account. Please try your code again later.
9PWXPPMHNN5LH5,Due to too many invalid attempts & for your account safety we locked your account. Please try your code again later.
JW7TJ5TM7HWW57,Due to too many invalid attempts & for your account safety we locked your account. Please try your code again later.
09LXPH5NFXV56X,Due to too many invalid attempts & for your account safety we locked your account. Please try your code again later.
HJKTKFFHH66HF0,Due to too many invalid attempts & for your account safety we locked your account. Please try your code again later.
TF7LJTRBPBVMMR,Due to too many invalid attempts & for your account safety we locked your account. Please try your code again later.
V0W9PXNP6R6VWJ,success
